delta,theta,alpha,beta,mean,std,skew,kurtosis,cA_mean,cA_std,cD_abs_mean,cD_abs_std,cD_abs_skew,cD_abs_kurtosis,cA_energy,cD_energy,cA_entropy,cD_entropy
0.0,0.0,4.500223245174194e-08,3.321479864828414e-08,-1.6275963529709666e-06,3.5378156324251265e-05,1.6558039159399525,70.10127880869639,-3.1361982074330393e-06,1.3066873972389813e-05,7.301505646533623e-07,6.738915031304847e-07,0.9818985568556138,0.4376769343114698,3.60899070801356e-07,1.717241198829418e-10,4.3072127572257745e-06,3.553848065103658e-09
0.0,0.0,7.456286665522846e-08,5.340859152279439e-08,1.076045856762687e-06,6.462815113096644e-05,1.091669560374241,72.30660996838198,3.0030161766648253e-06,1.3454525073443142e-05,8.844069239426143e-07,6.696506106341542e-07,0.782173761570644,0.04972873878245741,3.806031934250354e-07,2.868618043033585e-10,5.06274034422079e-06,5.920084882793862e-09
